request_id,key,request_date/time,project_name,project_location,project_fee_structure,developer_poc,project_fact_sheet,escrow_iban_certificate,rega_ppa_addendum,paper_ppa,developer_cr,building_permit,land_sakk,marketing_sales_license,developer_id_signatory_id,vat_certificate,developer_national_address,project_render_elevations,requester,status,received_date/time,updated_date/time,ageing_days,ageing_hours,stage_sequence,stage_name,stage_status,assigned_to,updated_by,re_evaluated_stage_sequence,re_evaluated_stage_name,rejectoing
6743,developer_onboarding_off_plan_project,11-JUN-2026 19:43,Amelia Residence,https://maps.app.goo.gl/8tJDdXpUvP7yQBJNA,Buyer & Developer Fee (Post Sale),Mohammed Akram,bayut_ksa/workflows/amelia_residences_factsheet_1-1781196042272.docx,bayut_ksa/workflows/01. escrow account-1781186670715.pdf,bayut_ksa/workflows/amelia residence - rega paper agreement (1)-1781192105754.pdf,bayut_ksa/workflows/amelia residence - rega paper agreement (1)-1781192111693.pdf,bayut_ksa/workflows/02. developer cr-1781186708235.pdf,bayut_ksa/workflows/03. building permit-1781186734610.pdf,bayut_ksa/workflows/04. land deed-1781186839520.pdf,bayut_ksa/workflows/12. off plan sales wafi licence-1781186868943.pdf,bayut_ksa/workflows/05. developer id _ signatory-1781186920335.pdf,bayut_ksa/workflows/06. vat certificate-1781186968465.pdf,bayut_ksa/workflows/07. developer national address-1781187045601.pdf,bayut_ksa/workflows/08. project renders elevation-1781187072687.pdf,Sufyan El-Faitouri,pending,11-JUN-2026 19:43,11-JUN-2026 19:43,,,1,Project Briefing Internal,pending,Mohsin Gulzar,Sufyan El-Faitouri,,,0
6422,developer_onboarding_off_plan_project,21-MAY-2026 12:40,Abeer Al Madinah ,https://maps.app.goo.gl/QgsaLn5sXSAqK9h58,Developer Fee (Post Sale),Mr. Dr Adel   |  +966 55 991 3987,bayut_ksa/workflows/abeer al madinah factsheet (v3)-1779356388099.docx,bayut_ksa/workflows/حساب الضمان عبير المدينة-1779354670064.pdf,bayut_ksa/workflows/addendum -1779354691465.pdf,bayut_ksa/workflows/abeer almadina - rega contract-1779355733295.pdf,bayut_ksa/workflows/cr (developer company)-1779355603391.pdf,bayut_ksa/workflows/img_20260515_102326_780.jpg-1779355688044.jpeg,bayut_ksa/workflows/صك ارض عبير المدينة -1779354702009.jpeg,bayut_ksa/workflows/رُخصة تسويق مع استلام مبالغ عبير المدينة-1779354708952.pdf,bayut_ksa/workflows/owner's id-1779355398044.pdf,bayut_ksa/workflows/vat certificate (developer company)-1779355383510.pdf,bayut_ksa/workflows/registered address (developer company)-1779355389052.jpeg,bayut_ksa/workflows/img_20260515_102325_943.jpg-1779355256218.jpeg,Noman Bashir Ahmad,in_progress,21-MAY-2026 12:40,21-MAY-2026 15:11,0,2,1,Project Briefing Internal,approved,Mohsin Gulzar,Noman Bashir Ahmad,,,0
6422,developer_onboarding_off_plan_project,21-MAY-2026 12:40,Abeer Al Madinah ,https://maps.app.goo.gl/QgsaLn5sXSAqK9h58,Developer Fee (Post Sale),Mr. Dr Adel   |  +966 55 991 3987,bayut_ksa/workflows/abeer al madinah factsheet (v3)-1779356388099.docx,bayut_ksa/workflows/حساب الضمان عبير المدينة-1779354670064.pdf,bayut_ksa/workflows/addendum -1779354691465.pdf,bayut_ksa/workflows/abeer almadina - rega contract-1779355733295.pdf,bayut_ksa/workflows/cr (developer company)-1779355603391.pdf,bayut_ksa/workflows/img_20260515_102326_780.jpg-1779355688044.jpeg,bayut_ksa/workflows/صك ارض عبير المدينة -1779354702009.jpeg,bayut_ksa/workflows/رُخصة تسويق مع استلام مبالغ عبير المدينة-1779354708952.pdf,bayut_ksa/workflows/owner's id-1779355398044.pdf,bayut_ksa/workflows/vat certificate (developer company)-1779355383510.pdf,bayut_ksa/workflows/registered address (developer company)-1779355389052.jpeg,bayut_ksa/workflows/img_20260515_102325_943.jpg-1779355256218.jpeg,Noman Bashir Ahmad,in_progress,21-MAY-2026 15:11,07-JUN-2026 14:53,16,23,2,Developer Handover Meeting,approved,Mohsin Gulzar,Noman Bashir Ahmad,,,0
6422,developer_onboarding_off_plan_project,21-MAY-2026 12:40,Abeer Al Madinah ,https://maps.app.goo.gl/QgsaLn5sXSAqK9h58,Developer Fee (Post Sale),Mr. Dr Adel   |  +966 55 991 3987,bayut_ksa/workflows/abeer al madinah factsheet (v3)-1779356388099.docx,bayut_ksa/workflows/حساب الضمان عبير المدينة-1779354670064.pdf,bayut_ksa/workflows/addendum -1779354691465.pdf,bayut_ksa/workflows/abeer almadina - rega contract-1779355733295.pdf,bayut_ksa/workflows/cr (developer company)-1779355603391.pdf,bayut_ksa/workflows/img_20260515_102326_780.jpg-1779355688044.jpeg,bayut_ksa/workflows/صك ارض عبير المدينة -1779354702009.jpeg,bayut_ksa/workflows/رُخصة تسويق مع استلام مبالغ عبير المدينة-1779354708952.pdf,bayut_ksa/workflows/owner's id-1779355398044.pdf,bayut_ksa/workflows/vat certificate (developer company)-1779355383510.pdf,bayut_ksa/workflows/registered address (developer company)-1779355389052.jpeg,bayut_ksa/workflows/img_20260515_102325_943.jpg-1779355256218.jpeg,Noman Bashir Ahmad,in_progress,07-JUN-2026 14:53,07-JUN-2026 14:53,,,3,Operational Onboarding,pending,Waheed Rasool,Noman Bashir Ahmad,,,0
6319,developer_onboarding_off_plan_project,13-MAY-2026 14:32,Nejad Al Rawdha ,https://maps.app.goo.gl/wSD6xWXfgibhaCTx8,Buyer & Developer Fee (Post Sale),Mr. Dr Adel   |  +966 55 991 3987,bayut_ksa/workflows/detailed_factsheet_nejat_rawdah_114-1778671962001.docx,bayut_ksa/workflows/marketing license -1778665379394.pdf,bayut_ksa/workflows/nejad al rawdha - rega contract-1778665399985.pdf,bayut_ksa/workflows/nejad al rawdha - annexure a_signed (1)_signed-1778665438820.pdf,bayut_ksa/workflows/cr (developer company)-1778665454133.pdf,bayut_ksa/workflows/poa land-1778665545496.pdf,bayut_ksa/workflows/land sukk-1778665533279.jpeg,bayut_ksa/workflows/marketing license -1778665551850.pdf,bayut_ksa/workflows/owner's id-1778665465295.pdf,bayut_ksa/workflows/vat certificate (developer company)-1778665469666.pdf,bayut_ksa/workflows/registered address (developer company)-1778665475937.jpeg,bayut_ksa/workflows/facade -1778665566596.pdf,Noman Bashir Ahmad,in_progress,13-MAY-2026 14:32,14-MAY-2026 13:50,0,23,1,Project Briefing Internal,approved,Noman Bashir Ahmad,Noman Bashir Ahmad,,,0
6319,developer_onboarding_off_plan_project,13-MAY-2026 14:32,Nejad Al Rawdha ,https://maps.app.goo.gl/wSD6xWXfgibhaCTx8,Buyer & Developer Fee (Post Sale),Mr. Dr Adel   |  +966 55 991 3987,bayut_ksa/workflows/detailed_factsheet_nejat_rawdah_114-1778671962001.docx,bayut_ksa/workflows/marketing license -1778665379394.pdf,bayut_ksa/workflows/nejad al rawdha - rega contract-1778665399985.pdf,bayut_ksa/workflows/nejad al rawdha - annexure a_signed (1)_signed-1778665438820.pdf,bayut_ksa/workflows/cr (developer company)-1778665454133.pdf,bayut_ksa/workflows/poa land-1778665545496.pdf,bayut_ksa/workflows/land sukk-1778665533279.jpeg,bayut_ksa/workflows/marketing license -1778665551850.pdf,bayut_ksa/workflows/owner's id-1778665465295.pdf,bayut_ksa/workflows/vat certificate (developer company)-1778665469666.pdf,bayut_ksa/workflows/registered address (developer company)-1778665475937.jpeg,bayut_ksa/workflows/facade -1778665566596.pdf,Noman Bashir Ahmad,in_progress,14-MAY-2026 13:50,18-MAY-2026 15:43,4,1,2,Developer Handover Meeting,approved,Noman Bashir Ahmad,Noman Bashir Ahmad,,,0
6319,developer_onboarding_off_plan_project,13-MAY-2026 14:32,Nejad Al Rawdha ,https://maps.app.goo.gl/wSD6xWXfgibhaCTx8,Buyer & Developer Fee (Post Sale),Mr. Dr Adel   |  +966 55 991 3987,bayut_ksa/workflows/detailed_factsheet_nejat_rawdah_114-1778671962001.docx,bayut_ksa/workflows/marketing license -1778665379394.pdf,bayut_ksa/workflows/nejad al rawdha - rega contract-1778665399985.pdf,bayut_ksa/workflows/nejad al rawdha - annexure a_signed (1)_signed-1778665438820.pdf,bayut_ksa/workflows/cr (developer company)-1778665454133.pdf,bayut_ksa/workflows/poa land-1778665545496.pdf,bayut_ksa/workflows/land sukk-1778665533279.jpeg,bayut_ksa/workflows/marketing license -1778665551850.pdf,bayut_ksa/workflows/owner's id-1778665465295.pdf,bayut_ksa/workflows/vat certificate (developer company)-1778665469666.pdf,bayut_ksa/workflows/registered address (developer company)-1778665475937.jpeg,bayut_ksa/workflows/facade -1778665566596.pdf,Noman Bashir Ahmad,in_progress,18-MAY-2026 15:43,19-MAY-2026 11:36,0,19,3,Operational Onboarding,approved,Waheed Rasool,Mirza khushnood shah baig,,,0
6319,developer_onboarding_off_plan_project,13-MAY-2026 14:32,Nejad Al Rawdha ,https://maps.app.goo.gl/wSD6xWXfgibhaCTx8,Buyer & Developer Fee (Post Sale),Mr. Dr Adel   |  +966 55 991 3987,bayut_ksa/workflows/detailed_factsheet_nejat_rawdah_114-1778671962001.docx,bayut_ksa/workflows/marketing license -1778665379394.pdf,bayut_ksa/workflows/nejad al rawdha - rega contract-1778665399985.pdf,bayut_ksa/workflows/nejad al rawdha - annexure a_signed (1)_signed-1778665438820.pdf,bayut_ksa/workflows/cr (developer company)-1778665454133.pdf,bayut_ksa/workflows/poa land-1778665545496.pdf,bayut_ksa/workflows/land sukk-1778665533279.jpeg,bayut_ksa/workflows/marketing license -1778665551850.pdf,bayut_ksa/workflows/owner's id-1778665465295.pdf,bayut_ksa/workflows/vat certificate (developer company)-1778665469666.pdf,bayut_ksa/workflows/registered address (developer company)-1778665475937.jpeg,bayut_ksa/workflows/facade -1778665566596.pdf,Noman Bashir Ahmad,in_progress,19-MAY-2026 11:36,19-MAY-2026 11:36,,,4,Onboarding Sign Off,pending,Aqif Iqbal,Mirza khushnood shah baig,,,0
6302,developer_onboarding_off_plan_project,12-MAY-2026 17:46,ALGOUSSON,Al Janadriyah Dist.,Buyer & Developer Fee (Post Sale),Khansa al hamed,bayut_ksa/workflows/f c al ghusoon-1778596312341.docx,bayut_ksa/workflows/شهادة ايبان مشروع الغصون-1778596298593.pdf,bayut_ksa/workflows/alghusoon - reaga contract-1778596326843.pdf,bayut_ksa/workflows/alghusoon - addendum a - draft updated (1) sigend -1778596333241.pdf,bayut_ksa/workflows/السجل التجاري - ركايا العقارية الرئيسي 02-06-2025-1778596341375.pdf,bayut_ksa/workflows/algousson premit-1778596352248.pdf,bayut_ksa/workflows/al-ghusoon saak-1778596360208.pdf,bayut_ksa/workflows/رخصة بيع على الخارطة_الغصون-1778596368678.pdf,bayut_ksa/workflows/national id sami matar-1778596583318.pdf,bayut_ksa/workflows/شهادة القيمة المضافة -جديدة-1778596519258.pdf,bayut_ksa/workflows/national address-1778596537788.jpeg,bayut_ksa/workflows/20_3 - photo (1) (2)-1778597129948.jpg,Ahlam AlShehri,pending,12-MAY-2026 17:46,13-MAY-2026 15:22,,,1,Project Briefing Internal,pending,Ahlam AlShehri,Ahlam AlShehri,,,0
6292,developer_onboarding_off_plan_project,11-MAY-2026 20:22,T-109 Al-Zahra,https://maps.app.goo.gl/6gabevUiAN2ZXaV36,Buyer & Developer Fee (Advance),Mr. Rayyan | 056-1115627 | sales@t-alamal.sa ,bayut_ksa/workflows/updated detailed_factsheet_t109-1778520145784.docx,bayut_ksa/workflows/ibn -1778519371666.pdf,bayut_ksa/workflows/t-109 rega contract-1778519378921.pdf,bayut_ksa/workflows/addendum -1778519387706.pdf,bayut_ksa/workflows/developer cr-1778519400798.pdf,bayut_ksa/workflows/building permit -1778519408909.pdf,bayut_ksa/workflows/land sukk-1778519415067.pdf,bayut_ksa/workflows/land sukk-1778519445486.pdf,bayut_ksa/workflows/id-1778519458953.pdf,bayut_ksa/workflows/vat certificate -1778519465426.pdf,bayut_ksa/workflows/national address-1778519472631.jpeg,bayut_ksa/workflows/floor plan-1778520020573.pdf,Noman Bashir Ahmad,in_progress,11-MAY-2026 20:22,13-MAY-2026 15:25,1,19,1,Project Briefing Internal,approved,Noman Bashir Ahmad,Noman Bashir Ahmad,,,0
6292,developer_onboarding_off_plan_project,11-MAY-2026 20:22,T-109 Al-Zahra,https://maps.app.goo.gl/6gabevUiAN2ZXaV36,Buyer & Developer Fee (Advance),Mr. Rayyan | 056-1115627 | sales@t-alamal.sa ,bayut_ksa/workflows/updated detailed_factsheet_t109-1778520145784.docx,bayut_ksa/workflows/ibn -1778519371666.pdf,bayut_ksa/workflows/t-109 rega contract-1778519378921.pdf,bayut_ksa/workflows/addendum -1778519387706.pdf,bayut_ksa/workflows/developer cr-1778519400798.pdf,bayut_ksa/workflows/building permit -1778519408909.pdf,bayut_ksa/workflows/land sukk-1778519415067.pdf,bayut_ksa/workflows/land sukk-1778519445486.pdf,bayut_ksa/workflows/id-1778519458953.pdf,bayut_ksa/workflows/vat certificate -1778519465426.pdf,bayut_ksa/workflows/national address-1778519472631.jpeg,bayut_ksa/workflows/floor plan-1778520020573.pdf,Noman Bashir Ahmad,in_progress,13-MAY-2026 15:25,14-MAY-2026 13:50,0,22,2,Developer Handover Meeting,approved,Noman Bashir Ahmad,Noman Bashir Ahmad,,,0
6292,developer_onboarding_off_plan_project,11-MAY-2026 20:22,T-109 Al-Zahra,https://maps.app.goo.gl/6gabevUiAN2ZXaV36,Buyer & Developer Fee (Advance),Mr. Rayyan | 056-1115627 | sales@t-alamal.sa ,bayut_ksa/workflows/updated detailed_factsheet_t109-1778520145784.docx,bayut_ksa/workflows/ibn -1778519371666.pdf,bayut_ksa/workflows/t-109 rega contract-1778519378921.pdf,bayut_ksa/workflows/addendum -1778519387706.pdf,bayut_ksa/workflows/developer cr-1778519400798.pdf,bayut_ksa/workflows/building permit -1778519408909.pdf,bayut_ksa/workflows/land sukk-1778519415067.pdf,bayut_ksa/workflows/land sukk-1778519445486.pdf,bayut_ksa/workflows/id-1778519458953.pdf,bayut_ksa/workflows/vat certificate -1778519465426.pdf,bayut_ksa/workflows/national address-1778519472631.jpeg,bayut_ksa/workflows/floor plan-1778520020573.pdf,Noman Bashir Ahmad,in_progress,14-MAY-2026 13:50,19-MAY-2026 12:15,4,22,3,Operational Onboarding,approved,Mirza khushnood shah baig,Mirza khushnood shah baig,,,0
6292,developer_onboarding_off_plan_project,11-MAY-2026 20:22,T-109 Al-Zahra,https://maps.app.goo.gl/6gabevUiAN2ZXaV36,Buyer & Developer Fee (Advance),Mr. Rayyan | 056-1115627 | sales@t-alamal.sa ,bayut_ksa/workflows/updated detailed_factsheet_t109-1778520145784.docx,bayut_ksa/workflows/ibn -1778519371666.pdf,bayut_ksa/workflows/t-109 rega contract-1778519378921.pdf,bayut_ksa/workflows/addendum -1778519387706.pdf,bayut_ksa/workflows/developer cr-1778519400798.pdf,bayut_ksa/workflows/building permit -1778519408909.pdf,bayut_ksa/workflows/land sukk-1778519415067.pdf,bayut_ksa/workflows/land sukk-1778519445486.pdf,bayut_ksa/workflows/id-1778519458953.pdf,bayut_ksa/workflows/vat certificate -1778519465426.pdf,bayut_ksa/workflows/national address-1778519472631.jpeg,bayut_ksa/workflows/floor plan-1778520020573.pdf,Noman Bashir Ahmad,in_progress,19-MAY-2026 12:15,19-MAY-2026 12:15,,,4,Onboarding Sign Off,pending,Aqif Iqbal,Mirza khushnood shah baig,,,0
6290,developer_onboarding_off_plan_project,11-MAY-2026 19:48,T-118/119 Al (Safa Residency),https://maps.app.goo.gl/w65a23iYeojZD7839,Buyer & Developer Fee (Advance),Mr.Muhannah | 054-3767754| sales@t-alamal.sa,bayut_ksa/workflows/t-118-1778518109614,bayut_ksa/workflows/ibn -1778516944265.pdf,bayut_ksa/workflows/t-118 -1778516965414,bayut_ksa/workflows/addendum -1778517539544.pdf,bayut_ksa/workflows/developer cr-1778516992438.pdf,bayut_ksa/workflows/facade 1-1778517559487.jpeg,bayut_ksa/workflows/land sukk-1778517010765.pdf,bayut_ksa/workflows/marketing license -1778517016321.pdf,bayut_ksa/workflows/id-1778517030032.pdf,bayut_ksa/workflows/vat certificate -1778517035694.pdf,bayut_ksa/workflows/national address-1778517040631.jpeg,bayut_ksa/workflows/facade-1778517052086.jpeg,Noman Bashir Ahmad,in_progress,11-MAY-2026 19:48,13-MAY-2026 12:30,1,16,1,Project Briefing Internal,approved,Noman Bashir Ahmad,Noman Bashir Ahmad,,,0
6290,developer_onboarding_off_plan_project,11-MAY-2026 19:48,T-118/119 Al (Safa Residency),https://maps.app.goo.gl/w65a23iYeojZD7839,Buyer & Developer Fee (Advance),Mr.Muhannah | 054-3767754| sales@t-alamal.sa,bayut_ksa/workflows/t-118-1778518109614,bayut_ksa/workflows/ibn -1778516944265.pdf,bayut_ksa/workflows/t-118 -1778516965414,bayut_ksa/workflows/addendum -1778517539544.pdf,bayut_ksa/workflows/developer cr-1778516992438.pdf,bayut_ksa/workflows/facade 1-1778517559487.jpeg,bayut_ksa/workflows/land sukk-1778517010765.pdf,bayut_ksa/workflows/marketing license -1778517016321.pdf,bayut_ksa/workflows/id-1778517030032.pdf,bayut_ksa/workflows/vat certificate -1778517035694.pdf,bayut_ksa/workflows/national address-1778517040631.jpeg,bayut_ksa/workflows/facade-1778517052086.jpeg,Noman Bashir Ahmad,in_progress,13-MAY-2026 12:30,14-MAY-2026 13:50,1,1,2,Developer Handover Meeting,approved,Noman Bashir Ahmad,Noman Bashir Ahmad,,,0
6290,developer_onboarding_off_plan_project,11-MAY-2026 19:48,T-118/119 Al (Safa Residency),https://maps.app.goo.gl/w65a23iYeojZD7839,Buyer & Developer Fee (Advance),Mr.Muhannah | 054-3767754| sales@t-alamal.sa,bayut_ksa/workflows/t-118-1778518109614,bayut_ksa/workflows/ibn -1778516944265.pdf,bayut_ksa/workflows/t-118 -1778516965414,bayut_ksa/workflows/addendum -1778517539544.pdf,bayut_ksa/workflows/developer cr-1778516992438.pdf,bayut_ksa/workflows/facade 1-1778517559487.jpeg,bayut_ksa/workflows/land sukk-1778517010765.pdf,bayut_ksa/workflows/marketing license -1778517016321.pdf,bayut_ksa/workflows/id-1778517030032.pdf,bayut_ksa/workflows/vat certificate -1778517035694.pdf,bayut_ksa/workflows/national address-1778517040631.jpeg,bayut_ksa/workflows/facade-1778517052086.jpeg,Noman Bashir Ahmad,in_progress,14-MAY-2026 13:50,19-MAY-2026 12:14,4,22,3,Operational Onboarding,approved,Mirza khushnood shah baig,Mirza khushnood shah baig,,,0
6290,developer_onboarding_off_plan_project,11-MAY-2026 19:48,T-118/119 Al (Safa Residency),https://maps.app.goo.gl/w65a23iYeojZD7839,Buyer & Developer Fee (Advance),Mr.Muhannah | 054-3767754| sales@t-alamal.sa,bayut_ksa/workflows/t-118-1778518109614,bayut_ksa/workflows/ibn -1778516944265.pdf,bayut_ksa/workflows/t-118 -1778516965414,bayut_ksa/workflows/addendum -1778517539544.pdf,bayut_ksa/workflows/developer cr-1778516992438.pdf,bayut_ksa/workflows/facade 1-1778517559487.jpeg,bayut_ksa/workflows/land sukk-1778517010765.pdf,bayut_ksa/workflows/marketing license -1778517016321.pdf,bayut_ksa/workflows/id-1778517030032.pdf,bayut_ksa/workflows/vat certificate -1778517035694.pdf,bayut_ksa/workflows/national address-1778517040631.jpeg,bayut_ksa/workflows/facade-1778517052086.jpeg,Noman Bashir Ahmad,in_progress,19-MAY-2026 12:14,19-MAY-2026 12:14,,,4,Onboarding Sign Off,pending,Aqif Iqbal,Mirza khushnood shah baig,,,0
5843,developer_onboarding_off_plan_project,21-APR-2026 15:45,T-108,https://maps.app.goo.gl/hKSwSapD1B6QwAkz7,Buyer & Developer Fee (Advance),Mr.Muhannah | 054-3767754| sales@t-alamal.sa,bayut_ksa/workflows/detailed factsheet (t-108 nahda)-1776774602221.docx,bayut_ksa/workflows/sales license wafi-1776774626588.pdf,bayut_ksa/workflows/t-108 - rega contract - approved-1776774658328.pdf,bayut_ksa/workflows/whatsapp scan 21 april 2026 at 15.31.57-1776775392916.pdf,bayut_ksa/workflows/developer cr-1776774748753.pdf,bayut_ksa/workflows/building permit -1776774758681.pdf,bayut_ksa/workflows/land sukk-1776774765358.pdf,bayut_ksa/workflows/sales license wafi-1776774772803.pdf,bayut_ksa/workflows/هوية فهد ناصر-1776774786805.pdf,bayut_ksa/workflows/vat certificate -1776774797227.pdf,bayut_ksa/workflows/national address-1776774802427.jpeg,bayut_ksa/workflows/10 mb-1776775087058.jpg,Noman Bashir Ahmad,in_progress,21-APR-2026 15:45,12-MAY-2026 10:27,16,15,1,Project Briefing Internal,approved,Noman Bashir Ahmad,Noman Bashir Ahmad,,,0
5843,developer_onboarding_off_plan_project,21-APR-2026 15:45,T-108,https://maps.app.goo.gl/hKSwSapD1B6QwAkz7,Buyer & Developer Fee (Advance),Mr.Muhannah | 054-3767754| sales@t-alamal.sa,bayut_ksa/workflows/detailed factsheet (t-108 nahda)-1776774602221.docx,bayut_ksa/workflows/sales license wafi-1776774626588.pdf,bayut_ksa/workflows/t-108 - rega contract - approved-1776774658328.pdf,bayut_ksa/workflows/whatsapp scan 21 april 2026 at 15.31.57-1776775392916.pdf,bayut_ksa/workflows/developer cr-1776774748753.pdf,bayut_ksa/workflows/building permit -1776774758681.pdf,bayut_ksa/workflows/land sukk-1776774765358.pdf,bayut_ksa/workflows/sales license wafi-1776774772803.pdf,bayut_ksa/workflows/هوية فهد ناصر-1776774786805.pdf,bayut_ksa/workflows/vat certificate -1776774797227.pdf,bayut_ksa/workflows/national address-1776774802427.jpeg,bayut_ksa/workflows/10 mb-1776775087058.jpg,Noman Bashir Ahmad,in_progress,06-MAY-2026 10:34,12-MAY-2026 10:30,0,0,2,Developer Handover Meeting,approved,Noman Bashir Ahmad,Noman Bashir Ahmad,,,0
5843,developer_onboarding_off_plan_project,21-APR-2026 15:45,T-108,https://maps.app.goo.gl/hKSwSapD1B6QwAkz7,Buyer & Developer Fee (Advance),Mr.Muhannah | 054-3767754| sales@t-alamal.sa,bayut_ksa/workflows/detailed factsheet (t-108 nahda)-1776774602221.docx,bayut_ksa/workflows/sales license wafi-1776774626588.pdf,bayut_ksa/workflows/t-108 - rega contract - approved-1776774658328.pdf,bayut_ksa/workflows/whatsapp scan 21 april 2026 at 15.31.57-1776775392916.pdf,bayut_ksa/workflows/developer cr-1776774748753.pdf,bayut_ksa/workflows/building permit -1776774758681.pdf,bayut_ksa/workflows/land sukk-1776774765358.pdf,bayut_ksa/workflows/sales license wafi-1776774772803.pdf,bayut_ksa/workflows/هوية فهد ناصر-1776774786805.pdf,bayut_ksa/workflows/vat certificate -1776774797227.pdf,bayut_ksa/workflows/national address-1776774802427.jpeg,bayut_ksa/workflows/10 mb-1776775087058.jpg,Noman Bashir Ahmad,in_progress,06-MAY-2026 10:36,18-MAY-2026 09:29,10,1,3,Operational Onboarding,approved,Mirza khushnood shah baig,Mirza khushnood shah baig,,,0
5843,developer_onboarding_off_plan_project,21-APR-2026 15:45,T-108,https://maps.app.goo.gl/hKSwSapD1B6QwAkz7,Buyer & Developer Fee (Advance),Mr.Muhannah | 054-3767754| sales@t-alamal.sa,bayut_ksa/workflows/detailed factsheet (t-108 nahda)-1776774602221.docx,bayut_ksa/workflows/sales license wafi-1776774626588.pdf,bayut_ksa/workflows/t-108 - rega contract - approved-1776774658328.pdf,bayut_ksa/workflows/whatsapp scan 21 april 2026 at 15.31.57-1776775392916.pdf,bayut_ksa/workflows/developer cr-1776774748753.pdf,bayut_ksa/workflows/building permit -1776774758681.pdf,bayut_ksa/workflows/land sukk-1776774765358.pdf,bayut_ksa/workflows/sales license wafi-1776774772803.pdf,bayut_ksa/workflows/هوية فهد ناصر-1776774786805.pdf,bayut_ksa/workflows/vat certificate -1776774797227.pdf,bayut_ksa/workflows/national address-1776774802427.jpeg,bayut_ksa/workflows/10 mb-1776775087058.jpg,Noman Bashir Ahmad,in_progress,18-MAY-2026 09:29,18-MAY-2026 09:29,,,4,Onboarding Sign Off,pending,Aqif Iqbal,Mirza khushnood shah baig,,,0
5828,developer_onboarding_off_plan_project,20-APR-2026 13:59,T-113 ,https://maps.app.goo.gl/mVMbcEF23ffkCeAr7,Buyer & Developer Fee (Advance),Mr. Rayyan | 056-1115627 | sales@t-alamal.sa ,bayut_ksa/workflows/detailed factsheet (t-113 al-nuzha)-1776682195832.docx,bayut_ksa/workflows/شهادة آيبان حساب الضمان - escrow account certificate-1776682512137.pdf,bayut_ksa/workflows/annuxure-1776682428293.pdf,bayut_ksa/workflows/t-113 - rega contract - approved-1776682690524.pdf,bayut_ksa/workflows/developer cr-1776682450847.pdf,bayut_ksa/workflows/building permit-1776682459060.pdf,bayut_ksa/workflows/land sukk-1776682463758.pdf,bayut_ksa/workflows/sales license-1776682472976.pdf,bayut_ksa/workflows/هوية فهد ناصر-1776682532511.pdf,bayut_ksa/workflows/vat certificate -1776682538713.pdf,bayut_ksa/workflows/national address-1776682544785.jpeg,bayut_ksa/workflows/building elevation-1776682553749.jpeg,Noman Bashir Ahmad,in_progress,20-APR-2026 13:59,12-MAY-2026 10:26,17,17,1,Project Briefing Internal,approved,Noman Bashir Ahmad,Noman Bashir Ahmad,,,0
5828,developer_onboarding_off_plan_project,20-APR-2026 13:59,T-113 ,https://maps.app.goo.gl/mVMbcEF23ffkCeAr7,Buyer & Developer Fee (Advance),Mr. Rayyan | 056-1115627 | sales@t-alamal.sa ,bayut_ksa/workflows/detailed factsheet (t-113 al-nuzha)-1776682195832.docx,bayut_ksa/workflows/شهادة آيبان حساب الضمان - escrow account certificate-1776682512137.pdf,bayut_ksa/workflows/annuxure-1776682428293.pdf,bayut_ksa/workflows/t-113 - rega contract - approved-1776682690524.pdf,bayut_ksa/workflows/developer cr-1776682450847.pdf,bayut_ksa/workflows/building permit-1776682459060.pdf,bayut_ksa/workflows/land sukk-1776682463758.pdf,bayut_ksa/workflows/sales license-1776682472976.pdf,bayut_ksa/workflows/هوية فهد ناصر-1776682532511.pdf,bayut_ksa/workflows/vat certificate -1776682538713.pdf,bayut_ksa/workflows/national address-1776682544785.jpeg,bayut_ksa/workflows/building elevation-1776682553749.jpeg,Noman Bashir Ahmad,in_progress,06-MAY-2026 10:34,12-MAY-2026 10:29,0,0,2,Developer Handover Meeting,approved,Noman Bashir Ahmad,Noman Bashir Ahmad,,,0
5828,developer_onboarding_off_plan_project,20-APR-2026 13:59,T-113 ,https://maps.app.goo.gl/mVMbcEF23ffkCeAr7,Buyer & Developer Fee (Advance),Mr. Rayyan | 056-1115627 | sales@t-alamal.sa ,bayut_ksa/workflows/detailed factsheet (t-113 al-nuzha)-1776682195832.docx,bayut_ksa/workflows/شهادة آيبان حساب الضمان - escrow account certificate-1776682512137.pdf,bayut_ksa/workflows/annuxure-1776682428293.pdf,bayut_ksa/workflows/t-113 - rega contract - approved-1776682690524.pdf,bayut_ksa/workflows/developer cr-1776682450847.pdf,bayut_ksa/workflows/building permit-1776682459060.pdf,bayut_ksa/workflows/land sukk-1776682463758.pdf,bayut_ksa/workflows/sales license-1776682472976.pdf,bayut_ksa/workflows/هوية فهد ناصر-1776682532511.pdf,bayut_ksa/workflows/vat certificate -1776682538713.pdf,bayut_ksa/workflows/national address-1776682544785.jpeg,bayut_ksa/workflows/building elevation-1776682553749.jpeg,Noman Bashir Ahmad,in_progress,06-MAY-2026 10:35,18-MAY-2026 09:27,10,1,3,Operational Onboarding,approved,Mirza khushnood shah baig,Mirza khushnood shah baig,,,0
5828,developer_onboarding_off_plan_project,20-APR-2026 13:59,T-113 ,https://maps.app.goo.gl/mVMbcEF23ffkCeAr7,Buyer & Developer Fee (Advance),Mr. Rayyan | 056-1115627 | sales@t-alamal.sa ,bayut_ksa/workflows/detailed factsheet (t-113 al-nuzha)-1776682195832.docx,bayut_ksa/workflows/شهادة آيبان حساب الضمان - escrow account certificate-1776682512137.pdf,bayut_ksa/workflows/annuxure-1776682428293.pdf,bayut_ksa/workflows/t-113 - rega contract - approved-1776682690524.pdf,bayut_ksa/workflows/developer cr-1776682450847.pdf,bayut_ksa/workflows/building permit-1776682459060.pdf,bayut_ksa/workflows/land sukk-1776682463758.pdf,bayut_ksa/workflows/sales license-1776682472976.pdf,bayut_ksa/workflows/هوية فهد ناصر-1776682532511.pdf,bayut_ksa/workflows/vat certificate -1776682538713.pdf,bayut_ksa/workflows/national address-1776682544785.jpeg,bayut_ksa/workflows/building elevation-1776682553749.jpeg,Noman Bashir Ahmad,in_progress,18-MAY-2026 09:27,18-MAY-2026 09:27,,,4,Onboarding Sign Off,pending,Aqif Iqbal,Mirza khushnood shah baig,,,0
5617,developer_onboarding_off_plan_project,08-APR-2026 11:28,LAVIE YARD,Al Sahafa,Buyer & Developer Fee (Post Sale),Naif Alkhudairy,bayut_ksa/workflows/detailed factsheet (zood)-1775636339167.xlsx,bayut_ksa/workflows/escrow account - la vie yard-1775636524556.pdf,bayut_ksa/workflows/عقد الوساطة الفرعية مع شركة بيوت ويب السعودية للاتصالات وتقنية المعلومات برقم 6200848399- زود لا ڤي يارد-1775636589091.pdf,bayut_ksa/workflows/عقد الوساطة الفرعية مع شركة بيوت ويب السعودية للاتصالات وتقنية المعلومات برقم 6200848399- زود لا ڤي يارد-1775636594037.pdf,bayut_ksa/workflows/cr of company-1775636468619.pdf,bayut_ksa/workflows/building permit-1775636829404.pdf,bayut_ksa/workflows/land ownership sakk-1775636398155.pdf,bayut_ksa/workflows/off plans sales licence-1775636450344.pdf,bayut_ksa/workflows/whatsapp image 2026-04-08 at 11.15.17 am-1775636478644.jpeg,bayut_ksa/workflows/vat certificate (developer)-1775636435838.pdf,bayut_ksa/workflows/national address verification-1775636431397.pdf,bayut_ksa/workflows/project broucher-1775636778065.pdf,Waheed Tahir,completed,08-APR-2026 11:28,13-APR-2026 15:50,5,4,1,Project Briefing Internal,approved,Mohsin Gulzar,Mirza khushnood shah baig,,,0
5617,developer_onboarding_off_plan_project,08-APR-2026 11:28,LAVIE YARD,Al Sahafa,Buyer & Developer Fee (Post Sale),Naif Alkhudairy,bayut_ksa/workflows/detailed factsheet (zood)-1775636339167.xlsx,bayut_ksa/workflows/escrow account - la vie yard-1775636524556.pdf,bayut_ksa/workflows/عقد الوساطة الفرعية مع شركة بيوت ويب السعودية للاتصالات وتقنية المعلومات برقم 6200848399- زود لا ڤي يارد-1775636589091.pdf,bayut_ksa/workflows/عقد الوساطة الفرعية مع شركة بيوت ويب السعودية للاتصالات وتقنية المعلومات برقم 6200848399- زود لا ڤي يارد-1775636594037.pdf,bayut_ksa/workflows/cr of company-1775636468619.pdf,bayut_ksa/workflows/building permit-1775636829404.pdf,bayut_ksa/workflows/land ownership sakk-1775636398155.pdf,bayut_ksa/workflows/off plans sales licence-1775636450344.pdf,bayut_ksa/workflows/whatsapp image 2026-04-08 at 11.15.17 am-1775636478644.jpeg,bayut_ksa/workflows/vat certificate (developer)-1775636435838.pdf,bayut_ksa/workflows/national address verification-1775636431397.pdf,bayut_ksa/workflows/project broucher-1775636778065.pdf,Waheed Tahir,completed,13-APR-2026 15:50,13-APR-2026 15:52,0,0,2,Developer Handover Meeting,approved,Mohsin Gulzar,Mirza khushnood shah baig,,,0
5617,developer_onboarding_off_plan_project,08-APR-2026 11:28,LAVIE YARD,Al Sahafa,Buyer & Developer Fee (Post Sale),Naif Alkhudairy,bayut_ksa/workflows/detailed factsheet (zood)-1775636339167.xlsx,bayut_ksa/workflows/escrow account - la vie yard-1775636524556.pdf,bayut_ksa/workflows/عقد الوساطة الفرعية مع شركة بيوت ويب السعودية للاتصالات وتقنية المعلومات برقم 6200848399- زود لا ڤي يارد-1775636589091.pdf,bayut_ksa/workflows/عقد الوساطة الفرعية مع شركة بيوت ويب السعودية للاتصالات وتقنية المعلومات برقم 6200848399- زود لا ڤي يارد-1775636594037.pdf,bayut_ksa/workflows/cr of company-1775636468619.pdf,bayut_ksa/workflows/building permit-1775636829404.pdf,bayut_ksa/workflows/land ownership sakk-1775636398155.pdf,bayut_ksa/workflows/off plans sales licence-1775636450344.pdf,bayut_ksa/workflows/whatsapp image 2026-04-08 at 11.15.17 am-1775636478644.jpeg,bayut_ksa/workflows/vat certificate (developer)-1775636435838.pdf,bayut_ksa/workflows/national address verification-1775636431397.pdf,bayut_ksa/workflows/project broucher-1775636778065.pdf,Waheed Tahir,completed,13-APR-2026 15:52,17-APR-2026 07:47,3,2,3,Operational Onboarding,approved,Waheed Rasool,Waheed Rasool,,,0
5617,developer_onboarding_off_plan_project,08-APR-2026 11:28,LAVIE YARD,Al Sahafa,Buyer & Developer Fee (Post Sale),Naif Alkhudairy,bayut_ksa/workflows/detailed factsheet (zood)-1775636339167.xlsx,bayut_ksa/workflows/escrow account - la vie yard-1775636524556.pdf,bayut_ksa/workflows/عقد الوساطة الفرعية مع شركة بيوت ويب السعودية للاتصالات وتقنية المعلومات برقم 6200848399- زود لا ڤي يارد-1775636589091.pdf,bayut_ksa/workflows/عقد الوساطة الفرعية مع شركة بيوت ويب السعودية للاتصالات وتقنية المعلومات برقم 6200848399- زود لا ڤي يارد-1775636594037.pdf,bayut_ksa/workflows/cr of company-1775636468619.pdf,bayut_ksa/workflows/building permit-1775636829404.pdf,bayut_ksa/workflows/land ownership sakk-1775636398155.pdf,bayut_ksa/workflows/off plans sales licence-1775636450344.pdf,bayut_ksa/workflows/whatsapp image 2026-04-08 at 11.15.17 am-1775636478644.jpeg,bayut_ksa/workflows/vat certificate (developer)-1775636435838.pdf,bayut_ksa/workflows/national address verification-1775636431397.pdf,bayut_ksa/workflows/project broucher-1775636778065.pdf,Waheed Tahir,completed,16-APR-2026 18:39,21-APR-2026 12:57,4,18,4,Onboarding Sign Off,approved,Aqif Iqbal,Aqif Iqbal,,,0
5616,developer_onboarding_off_plan_project,08-APR-2026 11:15,Safa 78,"Al Narjis, Riyadh",Buyer & Developer Fee (Post Sale),Faris Omer,bayut_ksa/workflows/safa 78_profile (broucher)_compressed-1775636129219.pdf,bayut_ksa/workflows/escrow account 78-1775631994049.pdf,bayut_ksa/workflows/rega safa 78-1775632000056.pdf,bayut_ksa/workflows/safa 78 agreement - wafi temp - final - 02032026(signed by developer)-1775635108548.pdf,bayut_ksa/workflows/company cr (safa 78)-1775632006534.pdf,bayut_ksa/workflows/building permit-1775635138959.pdf,bayut_ksa/workflows/رخصة بيع على الخارطة 78_ license-1775635143922.pdf,bayut_ksa/workflows/sales license safa 78-1775632018613.pdf,bayut_ksa/workflows/authority (final) in the name of abdul rehman al shahrani (to sign the contracts)-1775635995811.pdf,bayut_ksa/workflows/vat certificate safa 78-1775632188516.png,bayut_ksa/workflows/national address-1775632193512.png,bayut_ksa/workflows/safa 78_profile (broucher)_compressed-1775636114087.pdf,Waheed Tahir,completed,08-APR-2026 11:15,13-APR-2026 15:42,5,4,1,Project Briefing Internal,approved,Mohsin Gulzar,Mirza khushnood shah baig,,,0
5616,developer_onboarding_off_plan_project,08-APR-2026 11:15,Safa 78,"Al Narjis, Riyadh",Buyer & Developer Fee (Post Sale),Faris Omer,bayut_ksa/workflows/safa 78_profile (broucher)_compressed-1775636129219.pdf,bayut_ksa/workflows/escrow account 78-1775631994049.pdf,bayut_ksa/workflows/rega safa 78-1775632000056.pdf,bayut_ksa/workflows/safa 78 agreement - wafi temp - final - 02032026(signed by developer)-1775635108548.pdf,bayut_ksa/workflows/company cr (safa 78)-1775632006534.pdf,bayut_ksa/workflows/building permit-1775635138959.pdf,bayut_ksa/workflows/رخصة بيع على الخارطة 78_ license-1775635143922.pdf,bayut_ksa/workflows/sales license safa 78-1775632018613.pdf,bayut_ksa/workflows/authority (final) in the name of abdul rehman al shahrani (to sign the contracts)-1775635995811.pdf,bayut_ksa/workflows/vat certificate safa 78-1775632188516.png,bayut_ksa/workflows/national address-1775632193512.png,bayut_ksa/workflows/safa 78_profile (broucher)_compressed-1775636114087.pdf,Waheed Tahir,completed,13-APR-2026 15:42,13-APR-2026 15:44,0,0,2,Developer Handover Meeting,approved,Mohsin Gulzar,Mirza khushnood shah baig,,,0
5616,developer_onboarding_off_plan_project,08-APR-2026 11:15,Safa 78,"Al Narjis, Riyadh",Buyer & Developer Fee (Post Sale),Faris Omer,bayut_ksa/workflows/safa 78_profile (broucher)_compressed-1775636129219.pdf,bayut_ksa/workflows/escrow account 78-1775631994049.pdf,bayut_ksa/workflows/rega safa 78-1775632000056.pdf,bayut_ksa/workflows/safa 78 agreement - wafi temp - final - 02032026(signed by developer)-1775635108548.pdf,bayut_ksa/workflows/company cr (safa 78)-1775632006534.pdf,bayut_ksa/workflows/building permit-1775635138959.pdf,bayut_ksa/workflows/رخصة بيع على الخارطة 78_ license-1775635143922.pdf,bayut_ksa/workflows/sales license safa 78-1775632018613.pdf,bayut_ksa/workflows/authority (final) in the name of abdul rehman al shahrani (to sign the contracts)-1775635995811.pdf,bayut_ksa/workflows/vat certificate safa 78-1775632188516.png,bayut_ksa/workflows/national address-1775632193512.png,bayut_ksa/workflows/safa 78_profile (broucher)_compressed-1775636114087.pdf,Waheed Tahir,completed,13-APR-2026 15:44,17-APR-2026 07:45,3,2,3,Operational Onboarding,approved,Waheed Rasool,Waheed Rasool,,,0
5616,developer_onboarding_off_plan_project,08-APR-2026 11:15,Safa 78,"Al Narjis, Riyadh",Buyer & Developer Fee (Post Sale),Faris Omer,bayut_ksa/workflows/safa 78_profile (broucher)_compressed-1775636129219.pdf,bayut_ksa/workflows/escrow account 78-1775631994049.pdf,bayut_ksa/workflows/rega safa 78-1775632000056.pdf,bayut_ksa/workflows/safa 78 agreement - wafi temp - final - 02032026(signed by developer)-1775635108548.pdf,bayut_ksa/workflows/company cr (safa 78)-1775632006534.pdf,bayut_ksa/workflows/building permit-1775635138959.pdf,bayut_ksa/workflows/رخصة بيع على الخارطة 78_ license-1775635143922.pdf,bayut_ksa/workflows/sales license safa 78-1775632018613.pdf,bayut_ksa/workflows/authority (final) in the name of abdul rehman al shahrani (to sign the contracts)-1775635995811.pdf,bayut_ksa/workflows/vat certificate safa 78-1775632188516.png,bayut_ksa/workflows/national address-1775632193512.png,bayut_ksa/workflows/safa 78_profile (broucher)_compressed-1775636114087.pdf,Waheed Tahir,completed,16-APR-2026 18:37,17-APR-2026 07:48,0,13,4,Onboarding Sign Off,approved,Aqif Iqbal,Aqif Iqbal,,,0
5610,developer_onboarding_off_plan_project,07-APR-2026 16:16,Icon - Tuwaiq,Riyadh,Buyer & Developer Fee (Post Sale),Hoor Mohammed,bayut_ksa/workflows/detailed factsheet (icon - tuwaiq)-1775567275094.docx,bayut_ksa/workflows/escrow account agreement (block 53)-1775567316546.pdf,bayut_ksa/workflows/off plan sales licence (block 53)-1775567382402.pdf,bayut_ksa/workflows/off plan sales licence (block 57)-1775567386876.pdf,bayut_ksa/workflows/cr icon (developer)-1775567393053.pdf,bayut_ksa/workflows/building permit-1775567399077.pdf,bayut_ksa/workflows/sakk block 57 (land)-1775567403579.pdf,bayut_ksa/workflows/رخصة بيع على الخارطة57  -1775567780224.pdf,bayut_ksa/workflows/identity document (abdullah alharbi - icon owner)-1775567474535.pdf,bayut_ksa/workflows/vat certificate developer (icon)-1775567481470.pdf,bayut_ksa/workflows/national address (developer)-1775567484196.jpeg,bayut_ksa/workflows/tuwaiq - sales kit_compressed-1775567635985.pdf,Waheed Tahir,completed,07-APR-2026 16:16,13-APR-2026 15:33,5,23,1,Project Briefing Internal,approved,Mirza khushnood shah baig,Mirza khushnood shah baig,,,0
5610,developer_onboarding_off_plan_project,07-APR-2026 16:16,Icon - Tuwaiq,Riyadh,Buyer & Developer Fee (Post Sale),Hoor Mohammed,bayut_ksa/workflows/detailed factsheet (icon - tuwaiq)-1775567275094.docx,bayut_ksa/workflows/escrow account agreement (block 53)-1775567316546.pdf,bayut_ksa/workflows/off plan sales licence (block 53)-1775567382402.pdf,bayut_ksa/workflows/off plan sales licence (block 57)-1775567386876.pdf,bayut_ksa/workflows/cr icon (developer)-1775567393053.pdf,bayut_ksa/workflows/building permit-1775567399077.pdf,bayut_ksa/workflows/sakk block 57 (land)-1775567403579.pdf,bayut_ksa/workflows/رخصة بيع على الخارطة57  -1775567780224.pdf,bayut_ksa/workflows/identity document (abdullah alharbi - icon owner)-1775567474535.pdf,bayut_ksa/workflows/vat certificate developer (icon)-1775567481470.pdf,bayut_ksa/workflows/national address (developer)-1775567484196.jpeg,bayut_ksa/workflows/tuwaiq - sales kit_compressed-1775567635985.pdf,Waheed Tahir,completed,13-APR-2026 15:33,13-APR-2026 15:35,0,0,2,Developer Handover Meeting,approved,Mirza khushnood shah baig,Mirza khushnood shah baig,,,0
5610,developer_onboarding_off_plan_project,07-APR-2026 16:16,Icon - Tuwaiq,Riyadh,Buyer & Developer Fee (Post Sale),Hoor Mohammed,bayut_ksa/workflows/detailed factsheet (icon - tuwaiq)-1775567275094.docx,bayut_ksa/workflows/escrow account agreement (block 53)-1775567316546.pdf,bayut_ksa/workflows/off plan sales licence (block 53)-1775567382402.pdf,bayut_ksa/workflows/off plan sales licence (block 57)-1775567386876.pdf,bayut_ksa/workflows/cr icon (developer)-1775567393053.pdf,bayut_ksa/workflows/building permit-1775567399077.pdf,bayut_ksa/workflows/sakk block 57 (land)-1775567403579.pdf,bayut_ksa/workflows/رخصة بيع على الخارطة57  -1775567780224.pdf,bayut_ksa/workflows/identity document (abdullah alharbi - icon owner)-1775567474535.pdf,bayut_ksa/workflows/vat certificate developer (icon)-1775567481470.pdf,bayut_ksa/workflows/national address (developer)-1775567484196.jpeg,bayut_ksa/workflows/tuwaiq - sales kit_compressed-1775567635985.pdf,Waheed Tahir,completed,13-APR-2026 15:35,16-APR-2026 18:34,3,2,3,Operational Onboarding,approved,Waheed Rasool,Waheed Rasool,,,0
5610,developer_onboarding_off_plan_project,07-APR-2026 16:16,Icon - Tuwaiq,Riyadh,Buyer & Developer Fee (Post Sale),Hoor Mohammed,bayut_ksa/workflows/detailed factsheet (icon - tuwaiq)-1775567275094.docx,bayut_ksa/workflows/escrow account agreement (block 53)-1775567316546.pdf,bayut_ksa/workflows/off plan sales licence (block 53)-1775567382402.pdf,bayut_ksa/workflows/off plan sales licence (block 57)-1775567386876.pdf,bayut_ksa/workflows/cr icon (developer)-1775567393053.pdf,bayut_ksa/workflows/building permit-1775567399077.pdf,bayut_ksa/workflows/sakk block 57 (land)-1775567403579.pdf,bayut_ksa/workflows/رخصة بيع على الخارطة57  -1775567780224.pdf,bayut_ksa/workflows/identity document (abdullah alharbi - icon owner)-1775567474535.pdf,bayut_ksa/workflows/vat certificate developer (icon)-1775567481470.pdf,bayut_ksa/workflows/national address (developer)-1775567484196.jpeg,bayut_ksa/workflows/tuwaiq - sales kit_compressed-1775567635985.pdf,Waheed Tahir,completed,16-APR-2026 18:34,17-APR-2026 07:37,0,13,4,Onboarding Sign Off,approved,Aqif Iqbal,Aqif Iqbal,,,0
